repetition,model_id,model_label,method_id,method_label,metric_id,metric_label,unit,role,cluster_count,cases_per_cluster,mean,median,sample_standard_deviation,minimum,maximum
1,Qwen/Qwen2.5-3B-Instruct,Qwen2.5-3B,M1_monolithic,M1 monolithic,board_vram_peak_bytes,Board VRAM peak (bytes),bytes,secondary_resource_outcome,30,5,8453568157.013333,8468024524.8,86224690.41908844,8216366284.8,8544780288.0
1,Qwen/Qwen2.5-3B-Instruct,Qwen2.5-3B,M1_monolithic,M1 monolithic,gpu_board_energy_joules,GPU-board energy (J),joules,secondary_resource_outcome,30,5,1546.2004466666667,1359.2653,482.53961758155526,1004.7428,2901.9829999999997
1,Qwen/Qwen2.5-3B-Instruct,Qwen2.5-3B,M1_monolithic,M1 monolithic,gpu_utilization_peak_percent,GPU utilization peak (%),percent,resource_diagnostic,30,5,98.16000000000001,100.0,3.5195611011641192,90.4,100.0
1,Qwen/Qwen2.5-3B-Instruct,Qwen2.5-3B,M1_monolithic,M1 monolithic,input_tokens,Input tokens,tokens,secondary_resource_outcome,30,5,2787.5533333333337,2285.6000000000004,1320.7549436573775,1210.2,5609.6
1,Qwen/Qwen2.5-3B-Instruct,Qwen2.5-3B,M1_monolithic,M1 monolithic,method_case_duration_seconds,Duration (s),seconds,secondary_resource_outcome,30,5,8.539440798926565,7.598619783699542,2.8315946665894454,5.7044716531978334,16.705950259401288
1,Qwen/Qwen2.5-3B-Instruct,Qwen2.5-3B,M1_monolithic,M1 monolithic,model_call_count,Model calls,calls,secondary_resource_outcome,30,5,1.0,1.0,0.0,1.0,1.0
1,Qwen/Qwen2.5-3B-Instruct,Qwen2.5-3B,M1_monolithic,M1 monolithic,output_tokens,Output tokens,tokens,secondary_resource_outcome,30,5,247.54,226.9,78.06637582520888,137.8,426.0
1,Qwen/Qwen2.5-3B-Instruct,Qwen2.5-3B,M1_monolithic,M1 monolithic,process_ram_peak_bytes,Process RAM peak (bytes),bytes,secondary_resource_outcome,30,5,1255176874.6666667,1254704332.8,7039815.4216680275,1241662259.2,1269202944.0
1,Qwen/Qwen2.5-3B-Instruct,Qwen2.5-3B,M1_monolithic,M1 monolithic,process_vram_peak_bytes,Process VRAM peak (bytes),bytes,secondary_resource_outcome,30,5,7972337309.013333,7986793676.8,86224690.41908844,7735135436.8,8063549440.0
1,Qwen/Qwen2.5-3B-Instruct,Qwen2.5-3B,M1_monolithic,M1 monolithic,temperature_peak_celsius,Temperature peak (C),degrees_celsius,resource_diagnostic,30,5,80.90666666666667,81.6,1.5462821559298692,77.4,82.4
1,Qwen/Qwen2.5-3B-Instruct,Qwen2.5-3B,M2_post_plan_deterministic,M2 post-plan gate,board_vram_peak_bytes,Board VRAM peak (bytes),bytes,secondary_resource_outcome,30,5,8453568157.013333,8468024524.8,86224690.41908844,8216366284.8,8544780288.0
1,Qwen/Qwen2.5-3B-Instruct,Qwen2.5-3B,M2_post_plan_deterministic,M2 post-plan gate,gpu_board_energy_joules,GPU-board energy (J),joules,secondary_resource_outcome,30,5,1516.57954,1330.2198,484.8966372193254,932.3621999999999,2890.0576
1,Qwen/Qwen2.5-3B-Instruct,Qwen2.5-3B,M2_post_plan_deterministic,M2 post-plan gate,gpu_utilization_peak_percent,GPU utilization peak (%),percent,resource_diagnostic,30,5,98.19333333333334,100.0,3.3930896644893376,90.2,100.0
1,Qwen/Qwen2.5-3B-Instruct,Qwen2.5-3B,M2_post_plan_deterministic,M2 post-plan gate,input_tokens,Input tokens,tokens,secondary_resource_outcome,30,5,2787.5533333333337,2285.6000000000004,1320.7549436573775,1210.2,5609.6
1,Qwen/Qwen2.5-3B-Instruct,Qwen2.5-3B,M2_post_plan_deterministic,M2 post-plan gate,method_case_duration_seconds,Duration (s),seconds,secondary_resource_outcome,30,5,8.360089137233492,7.401680559700617,2.806933727715629,5.26957676680031,16.532017288000496
1,Qwen/Qwen2.5-3B-Instruct,Qwen2.5-3B,M2_post_plan_deterministic,M2 post-plan gate,model_call_count,Model calls,calls,secondary_resource_outcome,30,5,1.0,1.0,0.0,1.0,1.0
1,Qwen/Qwen2.5-3B-Instruct,Qwen2.5-3B,M2_post_plan_deterministic,M2 post-plan gate,output_tokens,Output tokens,tokens,secondary_resource_outcome,30,5,247.54,226.9,78.06637582520888,137.8,426.0
1,Qwen/Qwen2.5-3B-Instruct,Qwen2.5-3B,M2_post_plan_deterministic,M2 post-plan gate,process_ram_peak_bytes,Process RAM peak (bytes),bytes,secondary_resource_outcome,30,5,1256110516.9066665,1255145881.6,13145261.943404352,1231729459.2,1281439334.4
1,Qwen/Qwen2.5-3B-Instruct,Qwen2.5-3B,M2_post_plan_deterministic,M2 post-plan gate,process_vram_peak_bytes,Process VRAM peak (bytes),bytes,secondary_resource_outcome,30,5,7972337309.013333,7986793676.8,86224690.41908844,7735135436.8,8063549440.0
1,Qwen/Qwen2.5-3B-Instruct,Qwen2.5-3B,M2_post_plan_deterministic,M2 post-plan gate,temperature_peak_celsius,Temperature peak (C),degrees_celsius,resource_diagnostic,30,5,81.11333333333333,81.8,1.3325457444003708,78.0,82.6
1,Qwen/Qwen2.5-3B-Instruct,Qwen2.5-3B,M3_stage_wise,M3 stage-wise,board_vram_peak_bytes,Board VRAM peak (bytes),bytes,secondary_resource_outcome,30,5,10380389471.573334,10469965824.0,244841598.53147632,9756095283.2,10808446156.8
1,Qwen/Qwen2.5-3B-Instruct,Qwen2.5-3B,M3_stage_wise,M3 stage-wise,gpu_board_energy_joules,GPU-board energy (J),joules,secondary_resource_outcome,30,5,3227.4966266666665,3019.9661,720.3852254542124,2111.8830000000003,4675.0002
1,Qwen/Qwen2.5-3B-Instruct,Qwen2.5-3B,M3_stage_wise,M3 stage-wise,gpu_utilization_peak_percent,GPU utilization peak (%),percent,resource_diagnostic,30,5,99.59333333333333,100.0,1.317765437066262,94.2,100.0
1,Qwen/Qwen2.5-3B-Instruct,Qwen2.5-3B,M3_stage_wise,M3 stage-wise,input_tokens,Input tokens,tokens,secondary_resource_outcome,30,5,6085.233333333334,5031.6,2652.418641780435,2860.2,11752.8
1,Qwen/Qwen2.5-3B-Instruct,Qwen2.5-3B,M3_stage_wise,M3 stage-wise,method_case_duration_seconds,Duration (s),seconds,secondary_resource_outcome,30,5,18.034326541753497,16.86136551720047,3.9653224824857074,12.306510330001766,27.03296777560172
1,Qwen/Qwen2.5-3B-Instruct,Qwen2.5-3B,M3_stage_wise,M3 stage-wise,model_call_count,Model calls,calls,secondary_resource_outcome,30,5,2.0,2.0,0.0,2.0,2.0
1,Qwen/Qwen2.5-3B-Instruct,Qwen2.5-3B,M3_stage_wise,M3 stage-wise,output_tokens,Output tokens,tokens,secondary_resource_outcome,30,5,508.1933333333333,502.1,118.01529396309363,291.6,768.6
1,Qwen/Qwen2.5-3B-Instruct,Qwen2.5-3B,M3_stage_wise,M3 stage-wise,process_ram_peak_bytes,Process RAM peak (bytes),bytes,secondary_resource_outcome,30,5,1283334116.6933334,1281734656.0,17924152.708818983,1248220774.4,1316763238.4
1,Qwen/Qwen2.5-3B-Instruct,Qwen2.5-3B,M3_stage_wise,M3 stage-wise,process_vram_peak_bytes,Process VRAM peak (bytes),bytes,secondary_resource_outcome,30,5,9899158623.573334,9988734976.0,244841598.53147632,9274864435.2,10327215308.8
1,Qwen/Qwen2.5-3B-Instruct,Qwen2.5-3B,M3_stage_wise,M3 stage-wise,temperature_peak_celsius,Temperature peak (C),degrees_celsius,resource_diagnostic,30,5,80.66000000000001,81.6,2.000103445600615,75.6,82.4
1,Qwen/Qwen2.5-3B-Instruct,Qwen2.5-3B,M4_post_plan_compute_matched,M4 compute-matched,board_vram_peak_bytes,Board VRAM peak (bytes),bytes,secondary_resource_outcome,30,5,9875814700.373333,9903315353.599998,207130116.78027037,9344214630.4,10278286131.2
1,Qwen/Qwen2.5-3B-Instruct,Qwen2.5-3B,M4_post_plan_compute_matched,M4 compute-matched,gpu_board_energy_joules,GPU-board energy (J),joules,secondary_resource_outcome,30,5,2942.7906199999998,2583.7447,915.9149220398003,1854.2599999999998,5196.376200000001
1,Qwen/Qwen2.5-3B-Instruct,Qwen2.5-3B,M4_post_plan_compute_matched,M4 compute-matched,gpu_utilization_peak_percent,GPU utilization peak (%),percent,resource_diagnostic,30,5,99.26,100.0,2.261003744144287,90.8,100.0
1,Qwen/Qwen2.5-3B-Instruct,Qwen2.5-3B,M4_post_plan_compute_matched,M4 compute-matched,input_tokens,Input tokens,tokens,secondary_resource_outcome,30,5,5905.6466666666665,4843.7,2657.457089248179,2750.8,11765.8
1,Qwen/Qwen2.5-3B-Instruct,Qwen2.5-3B,M4_post_plan_compute_matched,M4 compute-matched,method_case_duration_seconds,Duration (s),seconds,secondary_resource_outcome,30,5,16.270852399606472,14.131826465096673,5.17106203933653,10.406468856197899,29.531592158600688
1,Qwen/Qwen2.5-3B-Instruct,Qwen2.5-3B,M4_post_plan_compute_matched,M4 compute-matched,model_call_count,Model calls,calls,secondary_resource_outcome,30,5,2.0,2.0,0.0,2.0,2.0
1,Qwen/Qwen2.5-3B-Instruct,Qwen2.5-3B,M4_post_plan_compute_matched,M4 compute-matched,output_tokens,Output tokens,tokens,secondary_resource_outcome,30,5,486.5133333333333,447.7,157.61280959086554,252.4,768.6
1,Qwen/Qwen2.5-3B-Instruct,Qwen2.5-3B,M4_post_plan_compute_matched,M4 compute-matched,process_ram_peak_bytes,Process RAM peak (bytes),bytes,secondary_resource_outcome,30,5,1260682035.2,1258661478.4,13924189.875183584,1235487129.6,1288404992.0
1,Qwen/Qwen2.5-3B-Instruct,Qwen2.5-3B,M4_post_plan_compute_matched,M4 compute-matched,process_vram_peak_bytes,Process VRAM peak (bytes),bytes,secondary_resource_outcome,30,5,9394583852.373333,9422084505.599998,207130116.78027037,8862983782.4,9797055283.2
1,Qwen/Qwen2.5-3B-Instruct,Qwen2.5-3B,M4_post_plan_compute_matched,M4 compute-matched,temperature_peak_celsius,Temperature peak (C),degrees_celsius,resource_diagnostic,30,5,81.68666666666667,82.0,1.0887301471592186,78.6,82.8
1,Qwen/Qwen2.5-7B-Instruct,Qwen2.5-7B,M1_monolithic,M1 monolithic,board_vram_peak_bytes,Board VRAM peak (bytes),bytes,secondary_resource_outcome,30,5,19023605705.386665,19090518835.2,200586368.79450646,18541903872.0,19221381120.0
1,Qwen/Qwen2.5-7B-Instruct,Qwen2.5-7B,M1_monolithic,M1 monolithic,gpu_board_energy_joules,GPU-board energy (J),joules,secondary_resource_outcome,30,5,4670.508413333333,4195.964899999999,1525.2354105520185,2695.1472000000003,7839.9262
1,Qwen/Qwen2.5-7B-Instruct,Qwen2.5-7B,M1_monolithic,M1 monolithic,gpu_utilization_peak_percent,GPU utilization peak (%),percent,resource_diagnostic,30,5,99.99333333333334,100.0,0.03651483716701159,99.8,100.0
1,Qwen/Qwen2.5-7B-Instruct,Qwen2.5-7B,M1_monolithic,M1 monolithic,input_tokens,Input tokens,tokens,secondary_resource_outcome,30,5,2787.5533333333337,2285.6000000000004,1320.7549436573775,1210.2,5609.6
1,Qwen/Qwen2.5-7B-Instruct,Qwen2.5-7B,M1_monolithic,M1 monolithic,method_case_duration_seconds,Duration (s),seconds,secondary_resource_outcome,30,5,26.268021866152605,23.77201386629895,8.7379867748429,15.354218873601349,44.51880930699699
1,Qwen/Qwen2.5-7B-Instruct,Qwen2.5-7B,M1_monolithic,M1 monolithic,model_call_count,Model calls,calls,secondary_resource_outcome,30,5,1.0,1.0,0.0,1.0,1.0
1,Qwen/Qwen2.5-7B-Instruct,Qwen2.5-7B,M1_monolithic,M1 monolithic,output_tokens,Output tokens,tokens,secondary_resource_outcome,30,5,331.46,320.0,109.19699566411599,169.2,512.0
1,Qwen/Qwen2.5-7B-Instruct,Qwen2.5-7B,M1_monolithic,M1 monolithic,process_ram_peak_bytes,Process RAM peak (bytes),bytes,secondary_resource_outcome,30,5,1264436674.5600002,1263262924.8,18947967.14370198,1230463795.2,1306333184.0
1,Qwen/Qwen2.5-7B-Instruct,Qwen2.5-7B,M1_monolithic,M1 monolithic,process_vram_peak_bytes,Process VRAM peak (bytes),bytes,secondary_resource_outcome,30,5,18542374857.386665,18609287987.2,200586368.79450646,18060673024.0,18740150272.0
1,Qwen/Qwen2.5-7B-Instruct,Qwen2.5-7B,M1_monolithic,M1 monolithic,temperature_peak_celsius,Temperature peak (C),degrees_celsius,resource_diagnostic,30,5,82.06666666666666,82.0,0.44360073173452114,80.0,82.8
1,Qwen/Qwen2.5-7B-Instruct,Qwen2.5-7B,M2_post_plan_deterministic,M2 post-plan gate,board_vram_peak_bytes,Board VRAM peak (bytes),bytes,secondary_resource_outcome,30,5,19023605705.386665,19090518835.2,200586368.79450646,18541903872.0,19221381120.0
1,Qwen/Qwen2.5-7B-Instruct,Qwen2.5-7B,M2_post_plan_deterministic,M2 post-plan gate,gpu_board_energy_joules,GPU-board energy (J),joules,secondary_resource_outcome,30,5,4735.128373333334,4275.4442,1535.6559553153984,2771.7976,7920.458199999999
1,Qwen/Qwen2.5-7B-Instruct,Qwen2.5-7B,M2_post_plan_deterministic,M2 post-plan gate,gpu_utilization_peak_percent,GPU utilization peak (%),percent,resource_diagnostic,30,5,99.97333333333333,100.0,0.11426929274467233,99.4,100.0
1,Qwen/Qwen2.5-7B-Instruct,Qwen2.5-7B,M2_post_plan_deterministic,M2 post-plan gate,input_tokens,Input tokens,tokens,secondary_resource_outcome,30,5,2787.5533333333337,2285.6000000000004,1320.7549436573775,1210.2,5609.6
1,Qwen/Qwen2.5-7B-Instruct,Qwen2.5-7B,M2_post_plan_deterministic,M2 post-plan gate,method_case_duration_seconds,Duration (s),seconds,secondary_resource_outcome,30,5,26.787921682940407,24.1899348732004,8.815727706768877,15.938378268599626,45.17341735160007
1,Qwen/Qwen2.5-7B-Instruct,Qwen2.5-7B,M2_post_plan_deterministic,M2 post-plan gate,model_call_count,Model calls,calls,secondary_resource_outcome,30,5,1.0,1.0,0.0,1.0,1.0
1,Qwen/Qwen2.5-7B-Instruct,Qwen2.5-7B,M2_post_plan_deterministic,M2 post-plan gate,output_tokens,Output tokens,tokens,secondary_resource_outcome,30,5,331.46,320.0,109.19699566411599,169.2,512.0
1,Qwen/Qwen2.5-7B-Instruct,Qwen2.5-7B,M2_post_plan_deterministic,M2 post-plan gate,process_ram_peak_bytes,Process RAM peak (bytes),bytes,secondary_resource_outcome,30,5,1235525331.6266668,1232314368.0,22000028.79645891,1195343872.0,1283833856.0
1,Qwen/Qwen2.5-7B-Instruct,Qwen2.5-7B,M2_post_plan_deterministic,M2 post-plan gate,process_vram_peak_bytes,Process VRAM peak (bytes),bytes,secondary_resource_outcome,30,5,18542374857.386665,18609287987.2,200586368.79450646,18060673024.0,18740150272.0
1,Qwen/Qwen2.5-7B-Instruct,Qwen2.5-7B,M2_post_plan_deterministic,M2 post-plan gate,temperature_peak_celsius,Temperature peak (C),degrees_celsius,resource_diagnostic,30,5,81.98666666666666,82.0,0.3748409624446577,80.2,82.4
1,Qwen/Qwen2.5-7B-Instruct,Qwen2.5-7B,M3_stage_wise,M3 stage-wise,board_vram_peak_bytes,Board VRAM peak (bytes),bytes,secondary_resource_outcome,30,5,20791756499.626667,20838704742.4,311578567.87711364,19921829888.0,21131886592.0
1,Qwen/Qwen2.5-7B-Instruct,Qwen2.5-7B,M3_stage_wise,M3 stage-wise,gpu_board_energy_joules,GPU-board energy (J),joules,secondary_resource_outcome,30,5,3517.28222,3327.8253,678.5084722134275,2518.1234,5146.9178
1,Qwen/Qwen2.5-7B-Instruct,Qwen2.5-7B,M3_stage_wise,M3 stage-wise,gpu_utilization_peak_percent,GPU utilization peak (%),percent,resource_diagnostic,30,5,100.0,100.0,0.0,100.0,100.0
1,Qwen/Qwen2.5-7B-Instruct,Qwen2.5-7B,M3_stage_wise,M3 stage-wise,input_tokens,Input tokens,tokens,secondary_resource_outcome,30,5,5943.526666666667,4906.299999999999,2631.8752378371264,2816.6,11557.6
1,Qwen/Qwen2.5-7B-Instruct,Qwen2.5-7B,M3_stage_wise,M3 stage-wise,method_case_duration_seconds,Duration (s),seconds,secondary_resource_outcome,30,5,20.040198213846793,19.06689324889958,4.020418769339536,13.585503135797627,28.855843234398343
1,Qwen/Qwen2.5-7B-Instruct,Qwen2.5-7B,M3_stage_wise,M3 stage-wise,model_call_count,Model calls,calls,secondary_resource_outcome,30,5,2.0,2.0,0.0,2.0,2.0
1,Qwen/Qwen2.5-7B-Instruct,Qwen2.5-7B,M3_stage_wise,M3 stage-wise,output_tokens,Output tokens,tokens,secondary_resource_outcome,30,5,205.76000000000002,194.60000000000002,39.59325613074129,160.4,315.0
1,Qwen/Qwen2.5-7B-Instruct,Qwen2.5-7B,M3_stage_wise,M3 stage-wise,process_ram_peak_bytes,Process RAM peak (bytes),bytes,secondary_resource_outcome,30,5,1236407691.9466667,1236898201.6,14727412.046909941,1207607296.0,1263199027.2
1,Qwen/Qwen2.5-7B-Instruct,Qwen2.5-7B,M3_stage_wise,M3 stage-wise,process_vram_peak_bytes,Process VRAM peak (bytes),bytes,secondary_resource_outcome,30,5,20310525651.626667,20357473894.4,311578567.87711364,19440599040.0,20650655744.0
1,Qwen/Qwen2.5-7B-Instruct,Qwen2.5-7B,M3_stage_wise,M3 stage-wise,temperature_peak_celsius,Temperature peak (C),degrees_celsius,resource_diagnostic,30,5,82.03999999999999,82.0,0.4767707466147505,79.8,82.6
1,Qwen/Qwen2.5-7B-Instruct,Qwen2.5-7B,M4_post_plan_compute_matched,M4 compute-matched,board_vram_peak_bytes,Board VRAM peak (bytes),bytes,secondary_resource_outcome,30,5,20173949501.44,20246888448.0,235723316.54847836,19492752588.8,20391591936.0
1,Qwen/Qwen2.5-7B-Instruct,Qwen2.5-7B,M4_post_plan_compute_matched,M4 compute-matched,gpu_board_energy_joules,GPU-board energy (J),joules,secondary_resource_outcome,30,5,9796.354246666666,8926.8845,3221.2239741108365,5680.036,16575.852
1,Qwen/Qwen2.5-7B-Instruct,Qwen2.5-7B,M4_post_plan_compute_matched,M4 compute-matched,gpu_utilization_peak_percent,GPU utilization peak (%),percent,resource_diagnostic,30,5,100.0,100.0,0.0,100.0,100.0
1,Qwen/Qwen2.5-7B-Instruct,Qwen2.5-7B,M4_post_plan_compute_matched,M4 compute-matched,input_tokens,Input tokens,tokens,secondary_resource_outcome,30,5,6015.7,4963.799999999999,2656.246780574114,2867.4,11867.0
1,Qwen/Qwen2.5-7B-Instruct,Qwen2.5-7B,M4_post_plan_compute_matched,M4 compute-matched,method_case_duration_seconds,Duration (s),seconds,secondary_resource_outcome,30,5,56.028169508873106,51.399460710598945,18.81615773637215,32.8871138159986,95.77584355279978
1,Qwen/Qwen2.5-7B-Instruct,Qwen2.5-7B,M4_post_plan_compute_matched,M4 compute-matched,model_call_count,Model calls,calls,secondary_resource_outcome,30,5,2.0,2.0,0.0,2.0,2.0
1,Qwen/Qwen2.5-7B-Instruct,Qwen2.5-7B,M4_post_plan_compute_matched,M4 compute-matched,output_tokens,Output tokens,tokens,secondary_resource_outcome,30,5,652.5666666666667,637.2,216.79329473873992,341.0,1024.0
1,Qwen/Qwen2.5-7B-Instruct,Qwen2.5-7B,M4_post_plan_compute_matched,M4 compute-matched,process_ram_peak_bytes,Process RAM peak (bytes),bytes,secondary_resource_outcome,30,5,1296330342.4,1292630425.6,30257460.69831424,1240793088.0,1352888320.0
1,Qwen/Qwen2.5-7B-Instruct,Qwen2.5-7B,M4_post_plan_compute_matched,M4 compute-matched,process_vram_peak_bytes,Process VRAM peak (bytes),bytes,secondary_resource_outcome,30,5,19692718653.44,19765657600.0,235723316.54847836,19011521740.8,19910361088.0
1,Qwen/Qwen2.5-7B-Instruct,Qwen2.5-7B,M4_post_plan_compute_matched,M4 compute-matched,temperature_peak_celsius,Temperature peak (C),degrees_celsius,resource_diagnostic,30,5,81.56,81.9,1.1595480689207902,76.6,82.4
2,Qwen/Qwen2.5-3B-Instruct,Qwen2.5-3B,M1_monolithic,M1 monolithic,board_vram_peak_bytes,Board VRAM peak (bytes),bytes,secondary_resource_outcome,30,5,8530100224.0,8550652313.6,117879576.6337083,8338001100.8,8702066688.0
2,Qwen/Qwen2.5-3B-Instruct,Qwen2.5-3B,M1_monolithic,M1 monolithic,gpu_board_energy_joules,GPU-board energy (J),joules,secondary_resource_outcome,30,5,1451.7654666666667,1307.0328,456.78659342593136,937.9974,2742.7876
2,Qwen/Qwen2.5-3B-Instruct,Qwen2.5-3B,M1_monolithic,M1 monolithic,gpu_utilization_peak_percent,GPU utilization peak (%),percent,resource_diagnostic,30,5,97.4,100.0,4.474910902599839,81.8,100.0
2,Qwen/Qwen2.5-3B-Instruct,Qwen2.5-3B,M1_monolithic,M1 monolithic,input_tokens,Input tokens,tokens,secondary_resource_outcome,30,5,2787.5533333333337,2285.6000000000004,1320.7549436573775,1210.2,5609.6
2,Qwen/Qwen2.5-3B-Instruct,Qwen2.5-3B,M1_monolithic,M1 monolithic,method_case_duration_seconds,Duration (s),seconds,secondary_resource_outcome,30,5,7.761197964066329,6.72402087940136,2.3878335495897285,4.743309250596212,15.418330524800695
2,Qwen/Qwen2.5-3B-Instruct,Qwen2.5-3B,M1_monolithic,M1 monolithic,model_call_count,Model calls,calls,secondary_resource_outcome,30,5,1.0,1.0,0.0,1.0,1.0
2,Qwen/Qwen2.5-3B-Instruct,Qwen2.5-3B,M1_monolithic,M1 monolithic,output_tokens,Output tokens,tokens,secondary_resource_outcome,30,5,247.54,226.9,78.06637582520888,137.8,426.0
2,Qwen/Qwen2.5-3B-Instruct,Qwen2.5-3B,M1_monolithic,M1 monolithic,process_ram_peak_bytes,Process RAM peak (bytes),bytes,secondary_resource_outcome,30,5,1251714744.32,1252119347.2,6878119.719281759,1239045734.4,1265036492.8
2,Qwen/Qwen2.5-3B-Instruct,Qwen2.5-3B,M1_monolithic,M1 monolithic,process_vram_peak_bytes,Process VRAM peak (bytes),bytes,secondary_resource_outcome,30,5,8048869376.0,8069421465.6,117879576.6337083,7856770252.8,8220835840.0
2,Qwen/Qwen2.5-3B-Instruct,Qwen2.5-3B,M1_monolithic,M1 monolithic,temperature_peak_celsius,Temperature peak (C),degrees_celsius,resource_diagnostic,30,5,80.98,82.0,1.595121874059611,77.4,83.0
2,Qwen/Qwen2.5-3B-Instruct,Qwen2.5-3B,M2_post_plan_deterministic,M2 post-plan gate,board_vram_peak_bytes,Board VRAM peak (bytes),bytes,secondary_resource_outcome,30,5,8530100224.0,8550652313.6,117879576.6337083,8338001100.8,8702066688.0
2,Qwen/Qwen2.5-3B-Instruct,Qwen2.5-3B,M2_post_plan_deterministic,M2 post-plan gate,gpu_board_energy_joules,GPU-board energy (J),joules,secondary_resource_outcome,30,5,1453.4493533333334,1291.9092999999998,446.806575755373,950.1384,2769.3563999999997
2,Qwen/Qwen2.5-3B-Instruct,Qwen2.5-3B,M2_post_plan_deterministic,M2 post-plan gate,gpu_utilization_peak_percent,GPU utilization peak (%),percent,resource_diagnostic,30,5,98.44,100.0,3.2514824205328994,90.8,100.0
2,Qwen/Qwen2.5-3B-Instruct,Qwen2.5-3B,M2_post_plan_deterministic,M2 post-plan gate,input_tokens,Input tokens,tokens,secondary_resource_outcome,30,5,2787.5533333333337,2285.6000000000004,1320.7549436573775,1210.2,5609.6
2,Qwen/Qwen2.5-3B-Instruct,Qwen2.5-3B,M2_post_plan_deterministic,M2 post-plan gate,method_case_duration_seconds,Duration (s),seconds,secondary_resource_outcome,30,5,7.850621595260843,6.880691889100126,2.414271148820216,4.747060025602695,15.58771959640435
2,Qwen/Qwen2.5-3B-Instruct,Qwen2.5-3B,M2_post_plan_deterministic,M2 post-plan gate,model_call_count,Model calls,calls,secondary_resource_outcome,30,5,1.0,1.0,0.0,1.0,1.0
2,Qwen/Qwen2.5-3B-Instruct,Qwen2.5-3B,M2_post_plan_deterministic,M2 post-plan gate,output_tokens,Output tokens,tokens,secondary_resource_outcome,30,5,247.54,226.9,78.06637582520888,137.8,426.0
2,Qwen/Qwen2.5-3B-Instruct,Qwen2.5-3B,M2_post_plan_deterministic,M2 post-plan gate,process_ram_peak_bytes,Process RAM peak (bytes),bytes,secondary_resource_outcome,30,5,1233849193.8133333,1235492044.8,9393556.793787673,1216635699.2,1253229363.2
2,Qwen/Qwen2.5-3B-Instruct,Qwen2.5-3B,M2_post_plan_deterministic,M2 post-plan gate,process_vram_peak_bytes,Process VRAM peak (bytes),bytes,secondary_resource_outcome,30,5,8048869376.0,8069421465.6,117879576.6337083,7856770252.8,8220835840.0
2,Qwen/Qwen2.5-3B-Instruct,Qwen2.5-3B,M2_post_plan_deterministic,M2 post-plan gate,temperature_peak_celsius,Temperature peak (C),degrees_celsius,resource_diagnostic,30,5,81.44666666666667,82.0,1.170538730474234,78.0,82.4
2,Qwen/Qwen2.5-3B-Instruct,Qwen2.5-3B,M3_stage_wise,M3 stage-wise,board_vram_peak_bytes,Board VRAM peak (bytes),bytes,secondary_resource_outcome,30,5,10084341514.24,10132953497.599998,242279351.6262775,9651237683.2,10428022784.0
2,Qwen/Qwen2.5-3B-Instruct,Qwen2.5-3B,M3_stage_wise,M3 stage-wise,gpu_board_energy_joules,GPU-board energy (J),joules,secondary_resource_outcome,30,5,3017.033733333333,2866.0604000000003,673.8486695982822,1961.9026,4360.227000000001
2,Qwen/Qwen2.5-3B-Instruct,Qwen2.5-3B,M3_stage_wise,M3 stage-wise,gpu_utilization_peak_percent,GPU utilization peak (%),percent,resource_diagnostic,30,5,99.2,100.0,2.483045960384002,91.0,100.0
2,Qwen/Qwen2.5-3B-Instruct,Qwen2.5-3B,M3_stage_wise,M3 stage-wise,input_tokens,Input tokens,tokens,secondary_resource_outcome,30,5,6085.233333333334,5031.6,2652.418641780435,2860.2,11752.8
2,Qwen/Qwen2.5-3B-Instruct,Qwen2.5-3B,M3_stage_wise,M3 stage-wise,method_case_duration_seconds,Duration (s),seconds,secondary_resource_outcome,30,5,16.617336969119787,15.30671811980137,3.8457283981602974,11.106255724601215,24.64498827320058
2,Qwen/Qwen2.5-3B-Instruct,Qwen2.5-3B,M3_stage_wise,M3 stage-wise,model_call_count,Model calls,calls,secondary_resource_outcome,30,5,2.0,2.0,0.0,2.0,2.0
2,Qwen/Qwen2.5-3B-Instruct,Qwen2.5-3B,M3_stage_wise,M3 stage-wise,output_tokens,Output tokens,tokens,secondary_resource_outcome,30,5,508.1933333333333,502.1,118.01529396309363,291.6,768.6
2,Qwen/Qwen2.5-3B-Instruct,Qwen2.5-3B,M3_stage_wise,M3 stage-wise,process_ram_peak_bytes,Process RAM peak (bytes),bytes,secondary_resource_outcome,30,5,1255438827.52,1255370342.4,14382928.17458525,1229334937.6,1283255500.8
2,Qwen/Qwen2.5-3B-Instruct,Qwen2.5-3B,M3_stage_wise,M3 stage-wise,process_vram_peak_bytes,Process VRAM peak (bytes),bytes,secondary_resource_outcome,30,5,9603110666.24,9651722649.599998,242279351.6262775,9170006835.2,9946791936.0
2,Qwen/Qwen2.5-3B-Instruct,Qwen2.5-3B,M3_stage_wise,M3 stage-wise,temperature_peak_celsius,Temperature peak (C),degrees_celsius,resource_diagnostic,30,5,81.73333333333333,82.1,1.076819497355549,78.2,82.6
2,Qwen/Qwen2.5-3B-Instruct,Qwen2.5-3B,M4_post_plan_compute_matched,M4 compute-matched,board_vram_peak_bytes,Board VRAM peak (bytes),bytes,secondary_resource_outcome,30,5,9972241749.333334,9950291558.4,256274574.27613622,9580353945.6,10369302528.0
2,Qwen/Qwen2.5-3B-Instruct,Qwen2.5-3B,M4_post_plan_compute_matched,M4 compute-matched,gpu_board_energy_joules,GPU-board energy (J),joules,secondary_resource_outcome,30,5,2989.6934533333333,2592.9593999999997,955.5193761465847,1952.8202,5240.9978
2,Qwen/Qwen2.5-3B-Instruct,Qwen2.5-3B,M4_post_plan_compute_matched,M4 compute-matched,gpu_utilization_peak_percent,GPU utilization peak (%),percent,resource_diagnostic,30,5,99.64,100.0,1.664559587605579,91.0,100.0
2,Qwen/Qwen2.5-3B-Instruct,Qwen2.5-3B,M4_post_plan_compute_matched,M4 compute-matched,input_tokens,Input tokens,tokens,secondary_resource_outcome,30,5,5905.6466666666665,4843.7,2657.457089248179,2750.8,11765.8
2,Qwen/Qwen2.5-3B-Instruct,Qwen2.5-3B,M4_post_plan_compute_matched,M4 compute-matched,method_case_duration_seconds,Duration (s),seconds,secondary_resource_outcome,30,5,16.572369465640126,14.596222109600784,5.320689890245598,10.292227903197636,29.802108613599557
2,Qwen/Qwen2.5-3B-Instruct,Qwen2.5-3B,M4_post_plan_compute_matched,M4 compute-matched,model_call_count,Model calls,calls,secondary_resource_outcome,30,5,2.0,2.0,0.0,2.0,2.0
2,Qwen/Qwen2.5-3B-Instruct,Qwen2.5-3B,M4_post_plan_compute_matched,M4 compute-matched,output_tokens,Output tokens,tokens,secondary_resource_outcome,30,5,486.5133333333333,447.7,157.61280959086554,252.4,768.6
2,Qwen/Qwen2.5-3B-Instruct,Qwen2.5-3B,M4_post_plan_compute_matched,M4 compute-matched,process_ram_peak_bytes,Process RAM peak (bytes),bytes,secondary_resource_outcome,30,5,1255031985.4933333,1256391475.2,13315908.689819228,1230080409.6,1279822233.6
2,Qwen/Qwen2.5-3B-Instruct,Qwen2.5-3B,M4_post_plan_compute_matched,M4 compute-matched,process_vram_peak_bytes,Process VRAM peak (bytes),bytes,secondary_resource_outcome,30,5,9491010901.333334,9469060710.4,256274574.27613622,9099123097.6,9888071680.0
2,Qwen/Qwen2.5-3B-Instruct,Qwen2.5-3B,M4_post_plan_compute_matched,M4 compute-matched,temperature_peak_celsius,Temperature peak (C),degrees_celsius,resource_diagnostic,30,5,81.90666666666667,82.0,0.9123419403337506,78.4,83.4
2,Qwen/Qwen2.5-7B-Instruct,Qwen2.5-7B,M1_monolithic,M1 monolithic,board_vram_peak_bytes,Board VRAM peak (bytes),bytes,secondary_resource_outcome,30,5,18797756416.0,18786012364.8,278492027.1812601,18265079808.0,19295200870.4
2,Qwen/Qwen2.5-7B-Instruct,Qwen2.5-7B,M1_monolithic,M1 monolithic,gpu_board_energy_joules,GPU-board energy (J),joules,secondary_resource_outcome,30,5,4655.401553333333,4390.4493,1484.4820359943267,2680.0858,7868.1364
2,Qwen/Qwen2.5-7B-Instruct,Qwen2.5-7B,M1_monolithic,M1 monolithic,gpu_utilization_peak_percent,GPU utilization peak (%),percent,resource_diagnostic,30,5,100.0,100.0,0.0,100.0,100.0
2,Qwen/Qwen2.5-7B-Instruct,Qwen2.5-7B,M1_monolithic,M1 monolithic,input_tokens,Input tokens,tokens,secondary_resource_outcome,30,5,2787.5533333333337,2285.6000000000004,1320.7549436573775,1210.2,5609.6
2,Qwen/Qwen2.5-7B-Instruct,Qwen2.5-7B,M1_monolithic,M1 monolithic,method_case_duration_seconds,Duration (s),seconds,secondary_resource_outcome,30,5,26.176896097953332,24.52381978479825,8.364587003333273,15.219993229195826,44.816333550799754
2,Qwen/Qwen2.5-7B-Instruct,Qwen2.5-7B,M1_monolithic,M1 monolithic,model_call_count,Model calls,calls,secondary_resource_outcome,30,5,1.0,1.0,0.0,1.0,1.0
2,Qwen/Qwen2.5-7B-Instruct,Qwen2.5-7B,M1_monolithic,M1 monolithic,output_tokens,Output tokens,tokens,secondary_resource_outcome,30,5,331.46,320.0,109.19699566411599,169.2,512.0
2,Qwen/Qwen2.5-7B-Instruct,Qwen2.5-7B,M1_monolithic,M1 monolithic,process_ram_peak_bytes,Process RAM peak (bytes),bytes,secondary_resource_outcome,30,5,1263357105.4933333,1264288972.8,18489389.99379721,1229309542.4,1298676121.6
2,Qwen/Qwen2.5-7B-Instruct,Qwen2.5-7B,M1_monolithic,M1 monolithic,process_vram_peak_bytes,Process VRAM peak (bytes),bytes,secondary_resource_outcome,30,5,18316525568.0,18304781516.8,278492027.1812601,17783848960.0,18813970022.4
2,Qwen/Qwen2.5-7B-Instruct,Qwen2.5-7B,M1_monolithic,M1 monolithic,temperature_peak_celsius,Temperature peak (C),degrees_celsius,resource_diagnostic,30,5,82.03999999999999,82.0,0.3838102979696945,80.2,82.6
2,Qwen/Qwen2.5-7B-Instruct,Qwen2.5-7B,M2_post_plan_deterministic,M2 post-plan gate,board_vram_peak_bytes,Board VRAM peak (bytes),bytes,secondary_resource_outcome,30,5,18797756416.0,18786012364.8,278492027.1812601,18265079808.0,19295200870.4
2,Qwen/Qwen2.5-7B-Instruct,Qwen2.5-7B,M2_post_plan_deterministic,M2 post-plan gate,gpu_board_energy_joules,GPU-board energy (J),joules,secondary_resource_outcome,30,5,4581.352526666667,4304.8107,1443.9568962371604,2644.284,7652.5476
2,Qwen/Qwen2.5-7B-Instruct,Qwen2.5-7B,M2_post_plan_deterministic,M2 post-plan gate,gpu_utilization_peak_percent,GPU utilization peak (%),percent,resource_diagnostic,30,5,99.99333333333334,100.0,0.03651483716701159,99.8,100.0
2,Qwen/Qwen2.5-7B-Instruct,Qwen2.5-7B,M2_post_plan_deterministic,M2 post-plan gate,input_tokens,Input tokens,tokens,secondary_resource_outcome,30,5,2787.5533333333337,2285.6000000000004,1320.7549436573775,1210.2,5609.6
2,Qwen/Qwen2.5-7B-Instruct,Qwen2.5-7B,M2_post_plan_deterministic,M2 post-plan gate,method_case_duration_seconds,Duration (s),seconds,secondary_resource_outcome,30,5,25.562994270286676,23.85688831589941,8.063079883104306,14.954034239801695,43.1092903733952
2,Qwen/Qwen2.5-7B-Instruct,Qwen2.5-7B,M2_post_plan_deterministic,M2 post-plan gate,model_call_count,Model calls,calls,secondary_resource_outcome,30,5,1.0,1.0,0.0,1.0,1.0
2,Qwen/Qwen2.5-7B-Instruct,Qwen2.5-7B,M2_post_plan_deterministic,M2 post-plan gate,output_tokens,Output tokens,tokens,secondary_resource_outcome,30,5,331.46,320.0,109.19699566411599,169.2,512.0
2,Qwen/Qwen2.5-7B-Instruct,Qwen2.5-7B,M2_post_plan_deterministic,M2 post-plan gate,process_ram_peak_bytes,Process RAM peak (bytes),bytes,secondary_resource_outcome,30,5,1242579517.4399998,1242393395.2,13749128.688533213,1216892108.8,1265507532.8
2,Qwen/Qwen2.5-7B-Instruct,Qwen2.5-7B,M2_post_plan_deterministic,M2 post-plan gate,process_vram_peak_bytes,Process VRAM peak (bytes),bytes,secondary_resource_outcome,30,5,18316525568.0,18304781516.8,278492027.1812601,17783848960.0,18813970022.4
2,Qwen/Qwen2.5-7B-Instruct,Qwen2.5-7B,M2_post_plan_deterministic,M2 post-plan gate,temperature_peak_celsius,Temperature peak (C),degrees_celsius,resource_diagnostic,30,5,82.06666666666666,82.0,0.4113336872891041,80.2,82.8
2,Qwen/Qwen2.5-7B-Instruct,Qwen2.5-7B,M3_stage_wise,M3 stage-wise,board_vram_peak_bytes,Board VRAM peak (bytes),bytes,secondary_resource_outcome,30,5,21448654411.093334,21411227238.4,533194462.52866787,20580755046.4,22312583168.0
2,Qwen/Qwen2.5-7B-Instruct,Qwen2.5-7B,M3_stage_wise,M3 stage-wise,gpu_board_energy_joules,GPU-board energy (J),joules,secondary_resource_outcome,30,5,3449.537733333333,3247.3500000000004,691.123907734715,2576.5292,5403.1918
2,Qwen/Qwen2.5-7B-Instruct,Qwen2.5-7B,M3_stage_wise,M3 stage-wise,gpu_utilization_peak_percent,GPU utilization peak (%),percent,resource_diagnostic,30,5,100.0,100.0,0.0,100.0,100.0
2,Qwen/Qwen2.5-7B-Instruct,Qwen2.5-7B,M3_stage_wise,M3 stage-wise,input_tokens,Input tokens,tokens,secondary_resource_outcome,30,5,5943.526666666667,4906.299999999999,2631.8752378371264,2816.6,11557.6
2,Qwen/Qwen2.5-7B-Instruct,Qwen2.5-7B,M3_stage_wise,M3 stage-wise,method_case_duration_seconds,Duration (s),seconds,secondary_resource_outcome,30,5,19.47614228624055,17.84790942090185,4.100778904936298,14.360562653795933,30.901916736998828
2,Qwen/Qwen2.5-7B-Instruct,Qwen2.5-7B,M3_stage_wise,M3 stage-wise,model_call_count,Model calls,calls,secondary_resource_outcome,30,5,2.0,2.0,0.0,2.0,2.0
2,Qwen/Qwen2.5-7B-Instruct,Qwen2.5-7B,M3_stage_wise,M3 stage-wise,output_tokens,Output tokens,tokens,secondary_resource_outcome,30,5,205.76000000000002,194.60000000000002,39.59325613074129,160.4,315.0
2,Qwen/Qwen2.5-7B-Instruct,Qwen2.5-7B,M3_stage_wise,M3 stage-wise,process_ram_peak_bytes,Process RAM peak (bytes),bytes,secondary_resource_outcome,30,5,1233698051.4133334,1234570854.4,12556367.891653838,1210803814.4,1260149145.6
2,Qwen/Qwen2.5-7B-Instruct,Qwen2.5-7B,M3_stage_wise,M3 stage-wise,process_vram_peak_bytes,Process VRAM peak (bytes),bytes,secondary_resource_outcome,30,5,20967423563.093334,20929996390.4,533194462.52866787,20099524198.4,21831352320.0
2,Qwen/Qwen2.5-7B-Instruct,Qwen2.5-7B,M3_stage_wise,M3 stage-wise,temperature_peak_celsius,Temperature peak (C),degrees_celsius,resource_diagnostic,30,5,82.11999999999999,82.2,0.3661542919552376,80.4,82.6
2,Qwen/Qwen2.5-7B-Instruct,Qwen2.5-7B,M4_post_plan_compute_matched,M4 compute-matched,board_vram_peak_bytes,Board VRAM peak (bytes),bytes,secondary_resource_outcome,30,5,20079004439.893333,20153984614.4,275394284.9051598,19634520064.0,20456603648.0
2,Qwen/Qwen2.5-7B-Instruct,Qwen2.5-7B,M4_post_plan_compute_matched,M4 compute-matched,gpu_board_energy_joules,GPU-board energy (J),joules,secondary_resource_outcome,30,5,9118.819013333332,8615.103,2886.7114069418194,5330.534799999999,15451.4562
2,Qwen/Qwen2.5-7B-Instruct,Qwen2.5-7B,M4_post_plan_compute_matched,M4 compute-matched,gpu_utilization_peak_percent,GPU utilization peak (%),percent,resource_diagnostic,30,5,100.0,100.0,0.0,100.0,100.0
2,Qwen/Qwen2.5-7B-Instruct,Qwen2.5-7B,M4_post_plan_compute_matched,M4 compute-matched,input_tokens,Input tokens,tokens,secondary_resource_outcome,30,5,6015.7,4963.799999999999,2656.246780574114,2867.4,11867.0
2,Qwen/Qwen2.5-7B-Instruct,Qwen2.5-7B,M4_post_plan_compute_matched,M4 compute-matched,method_case_duration_seconds,Duration (s),seconds,secondary_resource_outcome,30,5,50.885529832032724,48.101442424098785,15.98193051330804,30.046825044200524,86.69813611419814
2,Qwen/Qwen2.5-7B-Instruct,Qwen2.5-7B,M4_post_plan_compute_matched,M4 compute-matched,model_call_count,Model calls,calls,secondary_resource_outcome,30,5,2.0,2.0,0.0,2.0,2.0
2,Qwen/Qwen2.5-7B-Instruct,Qwen2.5-7B,M4_post_plan_compute_matched,M4 compute-matched,output_tokens,Output tokens,tokens,secondary_resource_outcome,30,5,652.5666666666667,637.2,216.79329473873992,341.0,1024.0
2,Qwen/Qwen2.5-7B-Instruct,Qwen2.5-7B,M4_post_plan_compute_matched,M4 compute-matched,process_ram_peak_bytes,Process RAM peak (bytes),bytes,secondary_resource_outcome,30,5,1287206475.0933335,1287437516.8,26853732.611418415,1236143308.8,1333763276.8
2,Qwen/Qwen2.5-7B-Instruct,Qwen2.5-7B,M4_post_plan_compute_matched,M4 compute-matched,process_vram_peak_bytes,Process VRAM peak (bytes),bytes,secondary_resource_outcome,30,5,19597773591.893333,19672753766.4,275394284.9051598,19153289216.0,19975372800.0
2,Qwen/Qwen2.5-7B-Instruct,Qwen2.5-7B,M4_post_plan_compute_matched,M4 compute-matched,temperature_peak_celsius,Temperature peak (C),degrees_celsius,resource_diagnostic,30,5,82.27333333333334,82.2,0.23770937534400388,82.0,82.8
3,Qwen/Qwen2.5-3B-Instruct,Qwen2.5-3B,M1_monolithic,M1 monolithic,board_vram_peak_bytes,Board VRAM peak (bytes),bytes,secondary_resource_outcome,30,5,8949964035.413334,8953934643.2,237576296.20923465,8290605465.6,9327017984.0
3,Qwen/Qwen2.5-3B-Instruct,Qwen2.5-3B,M1_monolithic,M1 monolithic,gpu_board_energy_joules,GPU-board energy (J),joules,secondary_resource_outcome,30,5,1467.3008599999998,1323.9965000000002,450.6478892571668,915.4628,2738.0056
3,Qwen/Qwen2.5-3B-Instruct,Qwen2.5-3B,M1_monolithic,M1 monolithic,gpu_utilization_peak_percent,GPU utilization peak (%),percent,resource_diagnostic,30,5,96.58666666666666,100.0,5.995385198480654,72.4,100.0
3,Qwen/Qwen2.5-3B-Instruct,Qwen2.5-3B,M1_monolithic,M1 monolithic,input_tokens,Input tokens,tokens,secondary_resource_outcome,30,5,2787.5533333333337,2285.6000000000004,1320.7549436573775,1210.2,5609.6
3,Qwen/Qwen2.5-3B-Instruct,Qwen2.5-3B,M1_monolithic,M1 monolithic,method_case_duration_seconds,Duration (s),seconds,secondary_resource_outcome,30,5,7.8783478633730555,7.068423223498394,2.5695096430575495,4.739214989999891,15.35086588060076
3,Qwen/Qwen2.5-3B-Instruct,Qwen2.5-3B,M1_monolithic,M1 monolithic,model_call_count,Model calls,calls,secondary_resource_outcome,30,5,1.0,1.0,0.0,1.0,1.0
3,Qwen/Qwen2.5-3B-Instruct,Qwen2.5-3B,M1_monolithic,M1 monolithic,output_tokens,Output tokens,tokens,secondary_resource_outcome,30,5,247.54,226.9,78.06637582520888,137.8,426.0
3,Qwen/Qwen2.5-3B-Instruct,Qwen2.5-3B,M1_monolithic,M1 monolithic,process_ram_peak_bytes,Process RAM peak (bytes),bytes,secondary_resource_outcome,30,5,1250505468.5866666,1249787494.4,9095573.01390495,1233561190.4,1267573555.2
3,Qwen/Qwen2.5-3B-Instruct,Qwen2.5-3B,M1_monolithic,M1 monolithic,process_vram_peak_bytes,Process VRAM peak (bytes),bytes,secondary_resource_outcome,30,5,8468733187.413333,8472703795.200001,237576296.2092347,7809374617.6,8845787136.0
3,Qwen/Qwen2.5-3B-Instruct,Qwen2.5-3B,M1_monolithic,M1 monolithic,temperature_peak_celsius,Temperature peak (C),degrees_celsius,resource_diagnostic,30,5,81.06,82.0,2.062572882724809,75.0,83.4
3,Qwen/Qwen2.5-3B-Instruct,Qwen2.5-3B,M2_post_plan_deterministic,M2 post-plan gate,board_vram_peak_bytes,Board VRAM peak (bytes),bytes,secondary_resource_outcome,30,5,8949964035.413334,8953934643.2,237576296.20923465,8290605465.6,9327017984.0
3,Qwen/Qwen2.5-3B-Instruct,Qwen2.5-3B,M2_post_plan_deterministic,M2 post-plan gate,gpu_board_energy_joules,GPU-board energy (J),joules,secondary_resource_outcome,30,5,1478.6268000000002,1330.0082000000002,447.7750197514172,932.7620000000001,2732.7694
3,Qwen/Qwen2.5-3B-Instruct,Qwen2.5-3B,M2_post_plan_deterministic,M2 post-plan gate,gpu_utilization_peak_percent,GPU utilization peak (%),percent,resource_diagnostic,30,5,98.08,100.0,3.990540538962541,85.4,100.0
3,Qwen/Qwen2.5-3B-Instruct,Qwen2.5-3B,M2_post_plan_deterministic,M2 post-plan gate,input_tokens,Input tokens,tokens,secondary_resource_outcome,30,5,2787.5533333333337,2285.6000000000004,1320.7549436573775,1210.2,5609.6
3,Qwen/Qwen2.5-3B-Instruct,Qwen2.5-3B,M2_post_plan_deterministic,M2 post-plan gate,method_case_duration_seconds,Duration (s),seconds,secondary_resource_outcome,30,5,8.028975321827069,7.14481973490183,2.581602813486064,4.872044623995317,15.413807642398751
3,Qwen/Qwen2.5-3B-Instruct,Qwen2.5-3B,M2_post_plan_deterministic,M2 post-plan gate,model_call_count,Model calls,calls,secondary_resource_outcome,30,5,1.0,1.0,0.0,1.0,1.0
3,Qwen/Qwen2.5-3B-Instruct,Qwen2.5-3B,M2_post_plan_deterministic,M2 post-plan gate,output_tokens,Output tokens,tokens,secondary_resource_outcome,30,5,247.54,226.9,78.06637582520888,137.8,426.0
3,Qwen/Qwen2.5-3B-Instruct,Qwen2.5-3B,M2_post_plan_deterministic,M2 post-plan gate,process_ram_peak_bytes,Process RAM peak (bytes),bytes,secondary_resource_outcome,30,5,1244701655.04,1245463347.1999998,7032549.274319014,1230632550.4,1255955660.8
3,Qwen/Qwen2.5-3B-Instruct,Qwen2.5-3B,M2_post_plan_deterministic,M2 post-plan gate,process_vram_peak_bytes,Process VRAM peak (bytes),bytes,secondary_resource_outcome,30,5,8468733187.413333,8472703795.200001,237576296.2092347,7809374617.6,8845787136.0
3,Qwen/Qwen2.5-3B-Instruct,Qwen2.5-3B,M2_post_plan_deterministic,M2 post-plan gate,temperature_peak_celsius,Temperature peak (C),degrees_celsius,resource_diagnostic,30,5,81.22,82.0,1.6645181553996864,76.2,82.8
3,Qwen/Qwen2.5-3B-Instruct,Qwen2.5-3B,M3_stage_wise,M3 stage-wise,board_vram_peak_bytes,Board VRAM peak (bytes),bytes,secondary_resource_outcome,30,5,9359635688.106667,9427681280.0,203084701.95715284,8727651942.4,9602583756.8
3,Qwen/Qwen2.5-3B-Instruct,Qwen2.5-3B,M3_stage_wise,M3 stage-wise,gpu_board_energy_joules,GPU-board energy (J),joules,secondary_resource_outcome,30,5,3065.3221933333334,2860.4485999999997,712.4524176175978,1967.3455999999999,4397.4334
3,Qwen/Qwen2.5-3B-Instruct,Qwen2.5-3B,M3_stage_wise,M3 stage-wise,gpu_utilization_peak_percent,GPU utilization peak (%),percent,resource_diagnostic,30,5,99.89333333333335,100.0,0.5476805848197522,97.0,100.0
3,Qwen/Qwen2.5-3B-Instruct,Qwen2.5-3B,M3_stage_wise,M3 stage-wise,input_tokens,Input tokens,tokens,secondary_resource_outcome,30,5,6085.233333333334,5031.6,2652.418641780435,2860.2,11752.8
3,Qwen/Qwen2.5-3B-Instruct,Qwen2.5-3B,M3_stage_wise,M3 stage-wise,method_case_duration_seconds,Duration (s),seconds,secondary_resource_outcome,30,5,16.92096612739367,15.986811613902683,3.9834541193099953,11.14425085260009,24.902785757402306
3,Qwen/Qwen2.5-3B-Instruct,Qwen2.5-3B,M3_stage_wise,M3 stage-wise,model_call_count,Model calls,calls,secondary_resource_outcome,30,5,2.0,2.0,0.0,2.0,2.0
3,Qwen/Qwen2.5-3B-Instruct,Qwen2.5-3B,M3_stage_wise,M3 stage-wise,output_tokens,Output tokens,tokens,secondary_resource_outcome,30,5,508.1933333333333,502.1,118.01529396309363,291.6,768.6
3,Qwen/Qwen2.5-3B-Instruct,Qwen2.5-3B,M3_stage_wise,M3 stage-wise,process_ram_peak_bytes,Process RAM peak (bytes),bytes,secondary_resource_outcome,30,5,1256873246.72,1257427353.6,15271191.686160106,1226670899.2,1284904550.4
3,Qwen/Qwen2.5-3B-Instruct,Qwen2.5-3B,M3_stage_wise,M3 stage-wise,process_vram_peak_bytes,Process VRAM peak (bytes),bytes,secondary_resource_outcome,30,5,8878404840.106667,8946450432.0,203084701.9571527,8246421094.4,9121352908.8
3,Qwen/Qwen2.5-3B-Instruct,Qwen2.5-3B,M3_stage_wise,M3 stage-wise,temperature_peak_celsius,Temperature peak (C),degrees_celsius,resource_diagnostic,30,5,81.90666666666668,82.2,0.9062744249582089,78.4,82.8
3,Qwen/Qwen2.5-3B-Instruct,Qwen2.5-3B,M4_post_plan_compute_matched,M4 compute-matched,board_vram_peak_bytes,Board VRAM peak (bytes),bytes,secondary_resource_outcome,30,5,9671132665.173334,9718346547.2,299841861.6312347,8724296499.2,10049277132.8
3,Qwen/Qwen2.5-3B-Instruct,Qwen2.5-3B,M4_post_plan_compute_matched,M4 compute-matched,gpu_board_energy_joules,GPU-board energy (J),joules,secondary_resource_outcome,30,5,2930.00348,2575.5835,946.4278589855363,1879.0764,5152.8228
3,Qwen/Qwen2.5-3B-Instruct,Qwen2.5-3B,M4_post_plan_compute_matched,M4 compute-matched,gpu_utilization_peak_percent,GPU utilization peak (%),percent,resource_diagnostic,30,5,99.47333333333333,100.0,1.7714076485866448,91.0,100.0
3,Qwen/Qwen2.5-3B-Instruct,Qwen2.5-3B,M4_post_plan_compute_matched,M4 compute-matched,input_tokens,Input tokens,tokens,secondary_resource_outcome,30,5,5905.6466666666665,4843.7,2657.457089248179,2750.8,11765.8
3,Qwen/Qwen2.5-3B-Instruct,Qwen2.5-3B,M4_post_plan_compute_matched,M4 compute-matched,method_case_duration_seconds,Duration (s),seconds,secondary_resource_outcome,30,5,16.058556097313705,14.17528504810034,5.4542557118569865,9.704573830001754,28.992705636200846
3,Qwen/Qwen2.5-3B-Instruct,Qwen2.5-3B,M4_post_plan_compute_matched,M4 compute-matched,model_call_count,Model calls,calls,secondary_resource_outcome,30,5,2.0,2.0,0.0,2.0,2.0
3,Qwen/Qwen2.5-3B-Instruct,Qwen2.5-3B,M4_post_plan_compute_matched,M4 compute-matched,output_tokens,Output tokens,tokens,secondary_resource_outcome,30,5,486.5133333333333,447.7,157.61280959086554,252.4,768.6
3,Qwen/Qwen2.5-3B-Instruct,Qwen2.5-3B,M4_post_plan_compute_matched,M4 compute-matched,process_ram_peak_bytes,Process RAM peak (bytes),bytes,secondary_resource_outcome,30,5,1256874912.4266667,1256691712.0,12908350.1841051,1229216972.8,1281232076.8
3,Qwen/Qwen2.5-3B-Instruct,Qwen2.5-3B,M4_post_plan_compute_matched,M4 compute-matched,process_vram_peak_bytes,Process VRAM peak (bytes),bytes,secondary_resource_outcome,30,5,9189901817.173334,9237115699.2,299841861.6312348,8243065651.2,9568046284.8
3,Qwen/Qwen2.5-3B-Instruct,Qwen2.5-3B,M4_post_plan_compute_matched,M4 compute-matched,temperature_peak_celsius,Temperature peak (C),degrees_celsius,resource_diagnostic,30,5,81.64,82.1,1.288035124815556,77.6,83.0
3,Qwen/Qwen2.5-7B-Instruct,Qwen2.5-7B,M1_monolithic,M1 monolithic,board_vram_peak_bytes,Board VRAM peak (bytes),bytes,secondary_resource_outcome,30,5,19290237610.666668,19300234035.2,417606933.9240541,18144703283.2,19963772928.0
3,Qwen/Qwen2.5-7B-Instruct,Qwen2.5-7B,M1_monolithic,M1 monolithic,gpu_board_energy_joules,GPU-board energy (J),joules,secondary_resource_outcome,30,5,4710.321133333333,4273.6384,1541.3554910579376,2542.6838,7923.274800000001
3,Qwen/Qwen2.5-7B-Instruct,Qwen2.5-7B,M1_monolithic,M1 monolithic,gpu_utilization_peak_percent,GPU utilization peak (%),percent,resource_diagnostic,30,5,99.96000000000001,100.0,0.15222487902147602,99.4,100.0
3,Qwen/Qwen2.5-7B-Instruct,Qwen2.5-7B,M1_monolithic,M1 monolithic,input_tokens,Input tokens,tokens,secondary_resource_outcome,30,5,2787.5533333333337,2285.6000000000004,1320.7549436573775,1210.2,5609.6
3,Qwen/Qwen2.5-7B-Instruct,Qwen2.5-7B,M1_monolithic,M1 monolithic,method_case_duration_seconds,Duration (s),seconds,secondary_resource_outcome,30,5,26.37298339247335,23.85127134959912,8.707346822634525,13.934909342805621,44.856801348601586
3,Qwen/Qwen2.5-7B-Instruct,Qwen2.5-7B,M1_monolithic,M1 monolithic,model_call_count,Model calls,calls,secondary_resource_outcome,30,5,1.0,1.0,0.0,1.0,1.0
3,Qwen/Qwen2.5-7B-Instruct,Qwen2.5-7B,M1_monolithic,M1 monolithic,output_tokens,Output tokens,tokens,secondary_resource_outcome,30,5,331.46,320.0,109.19699566411599,169.2,512.0
3,Qwen/Qwen2.5-7B-Instruct,Qwen2.5-7B,M1_monolithic,M1 monolithic,process_ram_peak_bytes,Process RAM peak (bytes),bytes,secondary_resource_outcome,30,5,1241632085.3333333,1241044992.0,19037324.849052917,1204626227.2,1277552230.4
3,Qwen/Qwen2.5-7B-Instruct,Qwen2.5-7B,M1_monolithic,M1 monolithic,process_vram_peak_bytes,Process VRAM peak (bytes),bytes,secondary_resource_outcome,30,5,18809006762.666668,18819003187.2,417606933.9240541,17663472435.2,19482542080.0
3,Qwen/Qwen2.5-7B-Instruct,Qwen2.5-7B,M1_monolithic,M1 monolithic,temperature_peak_celsius,Temperature peak (C),degrees_celsius,resource_diagnostic,30,5,82.26666666666667,82.4,0.5234720513129113,79.8,83.0
3,Qwen/Qwen2.5-7B-Instruct,Qwen2.5-7B,M2_post_plan_deterministic,M2 post-plan gate,board_vram_peak_bytes,Board VRAM peak (bytes),bytes,secondary_resource_outcome,30,5,19290237610.666668,19300234035.2,417606933.9240541,18144703283.2,19963772928.0
3,Qwen/Qwen2.5-7B-Instruct,Qwen2.5-7B,M2_post_plan_deterministic,M2 post-plan gate,gpu_board_energy_joules,GPU-board energy (J),joules,secondary_resource_outcome,30,5,4683.147013333333,4265.2369,1516.5611006398908,2503.1944,7832.377
3,Qwen/Qwen2.5-7B-Instruct,Qwen2.5-7B,M2_post_plan_deterministic,M2 post-plan gate,gpu_utilization_peak_percent,GPU utilization peak (%),percent,resource_diagnostic,30,5,100.0,100.0,0.0,100.0,100.0
3,Qwen/Qwen2.5-7B-Instruct,Qwen2.5-7B,M2_post_plan_deterministic,M2 post-plan gate,input_tokens,Input tokens,tokens,secondary_resource_outcome,30,5,2787.5533333333337,2285.6000000000004,1320.7549436573775,1210.2,5609.6
3,Qwen/Qwen2.5-7B-Instruct,Qwen2.5-7B,M2_post_plan_deterministic,M2 post-plan gate,method_case_duration_seconds,Duration (s),seconds,secondary_resource_outcome,30,5,26.191147270380366,23.781270801000936,8.55823711460848,13.609655694800313,44.240408068199756
3,Qwen/Qwen2.5-7B-Instruct,Qwen2.5-7B,M2_post_plan_deterministic,M2 post-plan gate,model_call_count,Model calls,calls,secondary_resource_outcome,30,5,1.0,1.0,0.0,1.0,1.0
3,Qwen/Qwen2.5-7B-Instruct,Qwen2.5-7B,M2_post_plan_deterministic,M2 post-plan gate,output_tokens,Output tokens,tokens,secondary_resource_outcome,30,5,331.46,320.0,109.19699566411599,169.2,512.0
3,Qwen/Qwen2.5-7B-Instruct,Qwen2.5-7B,M2_post_plan_deterministic,M2 post-plan gate,process_ram_peak_bytes,Process RAM peak (bytes),bytes,secondary_resource_outcome,30,5,1282766138.0266669,1283943628.8000002,24393180.898787282,1235900006.4,1324550553.6
3,Qwen/Qwen2.5-7B-Instruct,Qwen2.5-7B,M2_post_plan_deterministic,M2 post-plan gate,process_vram_peak_bytes,Process VRAM peak (bytes),bytes,secondary_resource_outcome,30,5,18809006762.666668,18819003187.2,417606933.9240541,17663472435.2,19482542080.0
3,Qwen/Qwen2.5-7B-Instruct,Qwen2.5-7B,M2_post_plan_deterministic,M2 post-plan gate,temperature_peak_celsius,Temperature peak (C),degrees_celsius,resource_diagnostic,30,5,82.35333333333332,82.4,0.5348111708872083,80.0,83.2
3,Qwen/Qwen2.5-7B-Instruct,Qwen2.5-7B,M3_stage_wise,M3 stage-wise,board_vram_peak_bytes,Board VRAM peak (bytes),bytes,secondary_resource_outcome,30,5,20599433680.213333,20667786854.4,523033202.5918729,19067450163.2,21362573312.0
3,Qwen/Qwen2.5-7B-Instruct,Qwen2.5-7B,M3_stage_wise,M3 stage-wise,gpu_board_energy_joules,GPU-board energy (J),joules,secondary_resource_outcome,30,5,3465.429986666667,3178.8215,715.1611174985511,2569.7724000000003,5402.904
3,Qwen/Qwen2.5-7B-Instruct,Qwen2.5-7B,M3_stage_wise,M3 stage-wise,gpu_utilization_peak_percent,GPU utilization peak (%),percent,resource_diagnostic,30,5,99.98,100.0,0.10954451150103219,99.4,100.0
3,Qwen/Qwen2.5-7B-Instruct,Qwen2.5-7B,M3_stage_wise,M3 stage-wise,input_tokens,Input tokens,tokens,secondary_resource_outcome,30,5,5943.526666666667,4906.299999999999,2631.8752378371264,2816.6,11557.6
3,Qwen/Qwen2.5-7B-Instruct,Qwen2.5-7B,M3_stage_wise,M3 stage-wise,method_case_duration_seconds,Duration (s),seconds,secondary_resource_outcome,30,5,19.554959195519235,17.772268626099688,4.254865682965901,13.98652119919716,30.830925996004954
3,Qwen/Qwen2.5-7B-Instruct,Qwen2.5-7B,M3_stage_wise,M3 stage-wise,model_call_count,Model calls,calls,secondary_resource_outcome,30,5,2.0,2.0,0.0,2.0,2.0
3,Qwen/Qwen2.5-7B-Instruct,Qwen2.5-7B,M3_stage_wise,M3 stage-wise,output_tokens,Output tokens,tokens,secondary_resource_outcome,30,5,205.76000000000002,194.60000000000002,39.59325613074129,160.4,315.0
3,Qwen/Qwen2.5-7B-Instruct,Qwen2.5-7B,M3_stage_wise,M3 stage-wise,process_ram_peak_bytes,Process RAM peak (bytes),bytes,secondary_resource_outcome,30,5,1238107095.0400002,1238110208.0,14921373.419675518,1208110284.8,1266271846.4
3,Qwen/Qwen2.5-7B-Instruct,Qwen2.5-7B,M3_stage_wise,M3 stage-wise,process_vram_peak_bytes,Process VRAM peak (bytes),bytes,secondary_resource_outcome,30,5,20118202832.213333,20186556006.4,523033202.5918729,18586219315.2,20881342464.0
3,Qwen/Qwen2.5-7B-Instruct,Qwen2.5-7B,M3_stage_wise,M3 stage-wise,temperature_peak_celsius,Temperature peak (C),degrees_celsius,resource_diagnostic,30,5,82.43333333333334,82.6,0.5683207771559335,80.2,83.6
3,Qwen/Qwen2.5-7B-Instruct,Qwen2.5-7B,M4_post_plan_compute_matched,M4 compute-matched,board_vram_peak_bytes,Board VRAM peak (bytes),bytes,secondary_resource_outcome,30,5,20888197529.6,20955725824.0,547973522.7054054,19296459161.6,21689729024.0
3,Qwen/Qwen2.5-7B-Instruct,Qwen2.5-7B,M4_post_plan_compute_matched,M4 compute-matched,gpu_board_energy_joules,GPU-board energy (J),joules,secondary_resource_outcome,30,5,9461.3444,8844.9237,3074.0154135944094,5288.8248,15898.0576
3,Qwen/Qwen2.5-7B-Instruct,Qwen2.5-7B,M4_post_plan_compute_matched,M4 compute-matched,gpu_utilization_peak_percent,GPU utilization peak (%),percent,resource_diagnostic,30,5,100.0,100.0,0.0,100.0,100.0
3,Qwen/Qwen2.5-7B-Instruct,Qwen2.5-7B,M4_post_plan_compute_matched,M4 compute-matched,input_tokens,Input tokens,tokens,secondary_resource_outcome,30,5,6015.7,4963.799999999999,2656.246780574114,2867.4,11867.0
3,Qwen/Qwen2.5-7B-Instruct,Qwen2.5-7B,M4_post_plan_compute_matched,M4 compute-matched,method_case_duration_seconds,Duration (s),seconds,secondary_resource_outcome,30,5,53.2262235140393,49.294200824000285,17.421434098042365,29.497143637601404,89.97658119840489
3,Qwen/Qwen2.5-7B-Instruct,Qwen2.5-7B,M4_post_plan_compute_matched,M4 compute-matched,model_call_count,Model calls,calls,secondary_resource_outcome,30,5,2.0,2.0,0.0,2.0,2.0
3,Qwen/Qwen2.5-7B-Instruct,Qwen2.5-7B,M4_post_plan_compute_matched,M4 compute-matched,output_tokens,Output tokens,tokens,secondary_resource_outcome,30,5,652.5666666666667,637.2,216.79329473873992,341.0,1024.0
3,Qwen/Qwen2.5-7B-Instruct,Qwen2.5-7B,M4_post_plan_compute_matched,M4 compute-matched,process_ram_peak_bytes,Process RAM peak (bytes),bytes,secondary_resource_outcome,30,5,1279651157.3333333,1278674124.8,32848582.467686947,1216295731.2,1343110348.8
3,Qwen/Qwen2.5-7B-Instruct,Qwen2.5-7B,M4_post_plan_compute_matched,M4 compute-matched,process_vram_peak_bytes,Process VRAM peak (bytes),bytes,secondary_resource_outcome,30,5,20406966681.6,20474494976.0,547973522.7054054,18815228313.6,21208498176.0
3,Qwen/Qwen2.5-7B-Instruct,Qwen2.5-7B,M4_post_plan_compute_matched,M4 compute-matched,temperature_peak_celsius,Temperature peak (C),degrees_celsius,resource_diagnostic,30,5,82.41333333333334,82.4,0.4297018479840633,80.8,83.4
